key_id,tournament_id,tournament_name,match_id,match_name,stage_name,group_name,group_stage,knockout_stage,replayed,replay,match_date,match_time,stadium_id,stadium_name,city_name,country_name,home_team_id_x,home_team_name,home_team_code,away_team_id_x,away_team_name,away_team_code,score,home_team_score,away_team_score,home_team_score_margin,away_team_score_margin,extra_time,penalty_shootout,score_penalties,home_team_score_penalties,away_team_score_penalties,result,home_team_win,away_team_win,draw,match_dt,match_time_clean,elo_home,elo_away,elo_diff,home_team_id_y,home_points_last5,home_gd_last5,home_winrate_last10,home_concede_first_rate,home_points_after_concede_first,home_late_concede_rate_75p,home_rest_days,away_team_id_y,away_points_last5,away_gd_last5,away_winrate_last10,away_concede_first_rate,away_points_after_concede_first,away_late_concede_rate_75p,away_rest_days,underdog_is_home,y_upset_avoid_loss,y_home_win,y_draw,y_away_win,is_group_stage,is_knockout
1069,WC-2018,2018 FIFA Men's World Cup,M-2018-01,Russia vs Saudi Arabia,group stage,Group A,1,0,0,0,2018-06-14,18:00,S-150,Luzhniki Stadium,Moscow,Russia,T-62,Russia,RUS,T-63,Saudi Arabia,SAU,5–0,5,0,5,-5,0,0,0-0,0,0,home team win,1,0,0,2018-06-14,18:00,1500.0,1500.0,0.0,T-62,0.0,0.0,0.33,0.5,1.0,0.0,-1,T-63,0.0,0.0,0.33,0.5,1.0,0.0,-1,0,0,1,0,0,1,0
1070,WC-2018,2018 FIFA Men's World Cup,M-2018-02,Egypt vs Uruguay,group stage,Group A,1,0,0,0,2018-06-15,17:00,S-159,Central Stadium,Yekaterinburg,Russia,T-26,Egypt,EGY,T-84,Uruguay,URY,0–1,0,1,-1,1,0,0,0-0,0,0,away team win,0,1,0,2018-06-15,17:00,1500.0,1500.0,0.0,T-26,0.0,0.0,0.33,0.5,1.0,0.0,-1,T-84,0.0,0.0,0.33,0.5,1.0,0.0,-1,0,1,0,0,1,1,0
1071,WC-2018,2018 FIFA Men's World Cup,M-2018-03,Morocco vs Iran,group stage,Group B,1,0,0,0,2018-06-15,18:00,S-154,Krestovsky Stadium,Saint Petersburg,Russia,T-47,Morocco,MAR,T-38,Iran,IRN,0–1,0,1,-1,1,0,0,0-0,0,0,away team win,0,1,0,2018-06-15,18:00,1500.0,1500.0,0.0,T-47,0.0,0.0,0.33,0.5,1.0,0.0,-1,T-38,0.0,0.0,0.33,0.5,1.0,0.0,-1,0,1,0,0,1,1,0
1072,WC-2018,2018 FIFA Men's World Cup,M-2018-04,Portugal vs Spain,group stage,Group B,1,0,0,0,2018-06-15,21:00,S-157,Fisht Olympic Stadium,Sochi,Russia,T-58,Portugal,PRT,T-73,Spain,ESP,3–3,3,3,0,0,0,0,0-0,0,0,draw,0,0,1,2018-06-15,21:00,1500.0,1500.0,0.0,T-58,0.0,0.0,0.33,0.5,1.0,0.0,-1,T-73,0.0,0.0,0.33,0.5,1.0,0.0,-1,0,1,0,1,0,1,0
1073,WC-2018,2018 FIFA Men's World Cup,M-2018-05,France vs Australia,group stage,Group C,1,0,0,0,2018-06-16,13:00,S-149,Kazan Arena,Kazan,Russia,T-30,France,FRA,T-04,Australia,AUS,2–1,2,1,1,-1,0,0,0-0,0,0,home team win,1,0,0,2018-06-16,13:00,1500.0,1500.0,0.0,T-30,0.0,0.0,0.33,0.5,1.0,0.0,-1,T-04,0.0,0.0,0.33,0.5,1.0,0.0,-1,0,0,1,0,0,1,0
1074,WC-2018,2018 FIFA Men's World Cup,M-2018-06,Argentina vs Iceland,group stage,Group D,1,0,0,0,2018-06-16,16:00,S-151,Otkritie Arena,Moscow,Russia,T-03,Argentina,ARG,T-37,Iceland,ISL,1–1,1,1,0,0,0,0,0-0,0,0,draw,0,0,1,2018-06-16,16:00,1500.0,1500.0,0.0,T-03,0.0,0.0,0.33,0.5,1.0,0.0,-1,T-37,0.0,0.0,0.33,0.5,1.0,0.0,-1,0,1,0,1,0,1,0
1075,WC-2018,2018 FIFA Men's World Cup,M-2018-07,Peru vs Denmark,group stage,Group C,1,0,0,0,2018-06-16,19:00,S-156,Mordovia Arena,Saransk,Russia,T-56,Peru,PER,T-22,Denmark,DNK,0–1,0,1,-1,1,0,0,0-0,0,0,away team win,0,1,0,2018-06-16,19:00,1500.0,1500.0,0.0,T-56,0.0,0.0,0.33,0.5,1.0,0.0,-1,T-22,0.0,0.0,0.33,0.5,1.0,0.0,-1,0,1,0,0,1,1,0
1076,WC-2018,2018 FIFA Men's World Cup,M-2018-08,Croatia vs Nigeria,group stage,Group D,1,0,0,0,2018-06-16,21:00,S-148,Kaliningrad Stadium,Kaliningrad,Russia,T-18,Croatia,HRV,T-50,Nigeria,NGA,2–0,2,0,2,-2,0,0,0-0,0,0,home team win,1,0,0,2018-06-16,21:00,1500.0,1500.0,0.0,T-18,0.0,0.0,0.33,0.5,1.0,0.0,-1,T-50,0.0,0.0,0.33,0.5,1.0,0.0,-1,0,0,1,0,0,1,0
1077,WC-2018,2018 FIFA Men's World Cup,M-2018-09,Costa Rica vs Serbia,group stage,Group E,1,0,0,0,2018-06-17,16:00,S-155,Samara Arena,Samara,Russia,T-17,Costa Rica,CRI,T-66,Serbia,SRB,0–1,0,1,-1,1,0,0,0-0,0,0,away team win,0,1,0,2018-06-17,16:00,1500.0,1500.0,0.0,T-17,0.0,0.0,0.33,0.5,1.0,0.0,-1,T-66,0.0,0.0,0.33,0.5,1.0,0.0,-1,0,1,0,0,1,1,0
1078,WC-2018,2018 FIFA Men's World Cup,M-2018-10,Germany vs Mexico,group stage,Group F,1,0,0,0,2018-06-17,18:00,S-150,Luzhniki Stadium,Moscow,Russia,T-31,Germany,DEU,T-46,Mexico,MEX,0–1,0,1,-1,1,0,0,0-0,0,0,away team win,0,1,0,2018-06-17,18:00,1500.0,1500.0,0.0,T-31,0.0,0.0,0.33,0.5,1.0,0.0,-1,T-46,0.0,0.0,0.33,0.5,1.0,0.0,-1,0,1,0,0,1,1,0
1079,WC-2018,2018 FIFA Men's World Cup,M-2018-11,Brazil vs Switzerland,group stage,Group E,1,0,0,0,2018-06-17,21:00,S-153,Rostov Arena,Rostov-on-Don,Russia,T-09,Brazil,BRA,T-75,Switzerland,CHE,1–1,1,1,0,0,0,0,0-0,0,0,draw,0,0,1,2018-06-17,21:00,1500.0,1500.0,0.0,T-09,0.0,0.0,0.33,0.5,1.0,0.0,-1,T-75,0.0,0.0,0.33,0.5,1.0,0.0,-1,0,1,0,1,0,1,0
1080,WC-2018,2018 FIFA Men's World Cup,M-2018-12,Sweden vs South Korea,group stage,Group F,1,0,0,0,2018-06-18,15:00,S-152,Nizhny Novgorod Stadium,Nizhny Novgorod,Russia,T-74,Sweden,SWE,T-71,South Korea,KOR,1–0,1,0,1,-1,0,0,0-0,0,0,home team win,1,0,0,2018-06-18,15:00,1500.0,1500.0,0.0,T-74,0.0,0.0,0.33,0.5,1.0,0.0,-1,T-71,0.0,0.0,0.33,0.5,1.0,0.0,-1,0,0,1,0,0,1,0
1081,WC-2018,2018 FIFA Men's World Cup,M-2018-13,Belgium vs Panama,group stage,Group G,1,0,0,0,2018-06-18,18:00,S-157,Fisht Olympic Stadium,Sochi,Russia,T-06,Belgium,BEL,T-54,Panama,PAN,3–0,3,0,3,-3,0,0,0-0,0,0,home team win,1,0,0,2018-06-18,18:00,1500.0,1500.0,0.0,T-06,0.0,0.0,0.33,0.5,1.0,0.0,-1,T-54,0.0,0.0,0.33,0.5,1.0,0.0,-1,0,0,1,0,0,1,0
1082,WC-2018,2018 FIFA Men's World Cup,M-2018-14,Tunisia vs England,group stage,Group G,1,0,0,0,2018-06-18,21:00,S-158,Volgograd Arena,Volgograd,Russia,T-79,Tunisia,TUN,T-28,England,ENG,1–2,1,2,-1,1,0,0,0-0,0,0,away team win,0,1,0,2018-06-18,21:00,1500.0,1500.0,0.0,T-79,0.0,0.0,0.33,0.5,1.0,0.0,-1,T-28,0.0,0.0,0.33,0.5,1.0,0.0,-1,0,1,0,0,1,1,0
1083,WC-2018,2018 FIFA Men's World Cup,M-2018-15,Colombia vs Japan,group stage,Group H,1,0,0,0,2018-06-19,15:00,S-156,Mordovia Arena,Saransk,Russia,T-16,Colombia,COL,T-44,Japan,JPN,1–2,1,2,-1,1,0,0,0-0,0,0,away team win,0,1,0,2018-06-19,15:00,1500.0,1500.0,0.0,T-16,0.0,0.0,0.33,0.5,1.0,0.0,-1,T-44,0.0,0.0,0.33,0.5,1.0,0.0,-1,0,1,0,0,1,1,0
1084,WC-2018,2018 FIFA Men's World Cup,M-2018-16,Poland vs Senegal,group stage,Group H,1,0,0,0,2018-06-19,18:00,S-151,Otkritie Arena,Moscow,Russia,T-57,Poland,POL,T-65,Senegal,SEN,1–2,1,2,-1,1,0,0,0-0,0,0,away team win,0,1,0,2018-06-19,18:00,1500.0,1500.0,0.0,T-57,0.0,0.0,0.33,0.5,1.0,0.0,-1,T-65,0.0,0.0,0.33,0.5,1.0,0.0,-1,0,1,0,0,1,1,0
1085,WC-2018,2018 FIFA Men's World Cup,M-2018-17,Russia vs Egypt,group stage,Group A,1,0,0,0,2018-06-19,21:00,S-154,Krestovsky Stadium,Saint Petersburg,Russia,T-62,Russia,RUS,T-26,Egypt,EGY,3–1,3,1,2,-2,0,0,0-0,0,0,home team win,1,0,0,2018-06-19,21:00,1510.0,1490.0,20.0,T-62,3.0,5.0,1.0,0.0,1.0,0.0,5,T-26,0.0,-1.0,0.0,1.0,0.0,0.5,4,0,0,1,0,0,1,0
1086,WC-2018,2018 FIFA Men's World Cup,M-2018-18,Portugal vs Morocco,group stage,Group B,1,0,0,0,2018-06-20,15:00,S-150,Luzhniki Stadium,Moscow,Russia,T-58,Portugal,PRT,T-47,Morocco,MAR,1–0,1,0,1,-1,0,0,0-0,0,0,home team win,1,0,0,2018-06-20,15:00,1500.0,1490.0,10.0,T-58,1.0,0.0,0.0,0.0,1.0,0.0,5,T-47,0.0,-1.0,0.0,1.0,0.0,0.5,5,0,0,1,0,0,1,0
1087,WC-2018,2018 FIFA Men's World Cup,M-2018-19,Uruguay vs Saudi Arabia,group stage,Group A,1,0,0,0,2018-06-20,18:00,S-153,Rostov Arena,Rostov-on-Don,Russia,T-84,Uruguay,URY,T-63,Saudi Arabia,SAU,1–0,1,0,1,-1,0,0,0-0,0,0,home team win,1,0,0,2018-06-20,18:00,1510.0,1490.0,20.0,T-84,3.0,1.0,1.0,0.0,1.0,0.0,5,T-63,0.0,-5.0,0.0,1.0,0.0,0.5,6,0,0,1,0,0,1,0
1088,WC-2018,2018 FIFA Men's World Cup,M-2018-20,Iran vs Spain,group stage,Group B,1,0,0,0,2018-06-20,21:00,S-149,Kazan Arena,Kazan,Russia,T-38,Iran,IRN,T-73,Spain,ESP,0–1,0,1,-1,1,0,0,0-0,0,0,away team win,0,1,0,2018-06-20,21:00,1510.0,1500.0,10.0,T-38,3.0,1.0,1.0,0.0,1.0,0.0,5,T-73,1.0,0.0,0.0,1.0,1.0,0.5,5,0,1,0,0,1,1,0
1089,WC-2018,2018 FIFA Men's World Cup,M-2018-21,Denmark vs Australia,group stage,Group C,1,0,0,0,2018-06-21,16:00,S-155,Samara Arena,Samara,Russia,T-22,Denmark,DNK,T-04,Australia,AUS,1–1,1,1,0,0,0,0,0-0,0,0,draw,0,0,1,2018-06-21,16:00,1510.0,1490.0,20.0,T-22,3.0,1.0,1.0,0.0,1.0,0.0,5,T-04,0.0,-1.0,0.0,1.0,0.0,0.5,5,0,1,0,1,0,1,0
1090,WC-2018,2018 FIFA Men's World Cup,M-2018-22,France vs Peru,group stage,Group C,1,0,0,0,2018-06-21,20:00,S-159,Central Stadium,Yekaterinburg,Russia,T-30,France,FRA,T-56,Peru,PER,1–0,1,0,1,-1,0,0,0-0,0,0,home team win,1,0,0,2018-06-21,20:00,1510.0,1490.0,20.0,T-30,3.0,1.0,1.0,0.0,1.0,0.0,5,T-56,0.0,-1.0,0.0,1.0,0.0,0.0,5,0,0,1,0,0,1,0
1091,WC-2018,2018 FIFA Men's World Cup,M-2018-23,Argentina vs Croatia,group stage,Group D,1,0,0,0,2018-06-21,21:00,S-152,Nizhny Novgorod Stadium,Nizhny Novgorod,Russia,T-03,Argentina,ARG,T-18,Croatia,HRV,0–3,0,3,-3,3,0,0,0-0,0,0,away team win,0,1,0,2018-06-21,21:00,1500.0,1510.0,-10.0,T-03,1.0,0.0,0.0,0.0,1.0,0.0,5,T-18,3.0,2.0,1.0,0.0,1.0,0.0,5,1,0,0,0,1,1,0
1092,WC-2018,2018 FIFA Men's World Cup,M-2018-24,Brazil vs Costa Rica,group stage,Group E,1,0,0,0,2018-06-22,15:00,S-154,Krestovsky Stadium,Saint Petersburg,Russia,T-09,Brazil,BRA,T-17,Costa Rica,CRI,2–0,2,0,2,-2,0,0,0-0,0,0,home team win,1,0,0,2018-06-22,15:00,1500.0,1490.0,10.0,T-09,1.0,0.0,0.0,0.0,1.0,0.0,5,T-17,0.0,-1.0,0.0,1.0,0.0,0.0,5,0,0,1,0,0,1,0
1093,WC-2018,2018 FIFA Men's World Cup,M-2018-25,Nigeria vs Iceland,group stage,Group D,1,0,0,0,2018-06-22,18:00,S-158,Volgograd Arena,Volgograd,Russia,T-50,Nigeria,NGA,T-37,Iceland,ISL,2–0,2,0,2,-2,0,0,0-0,0,0,home team win,1,0,0,2018-06-22,18:00,1490.0,1500.0,-10.0,T-50,0.0,-2.0,0.0,1.0,0.0,0.0,6,T-37,1.0,0.0,0.0,1.0,1.0,0.0,6,1,1,1,0,0,1,0
1094,WC-2018,2018 FIFA Men's World Cup,M-2018-26,Serbia vs Switzerland,group stage,Group E,1,0,0,0,2018-06-22,20:00,S-148,Kaliningrad Stadium,Kaliningrad,Russia,T-66,Serbia,SRB,T-75,Switzerland,CHE,1–2,1,2,-1,1,0,0,0-0,0,0,away team win,0,1,0,2018-06-22,20:00,1510.0,1500.0,10.0,T-66,3.0,1.0,1.0,0.0,1.0,0.0,5,T-75,1.0,0.0,0.0,1.0,1.0,0.0,5,0,1,0,0,1,1,0
1095,WC-2018,2018 FIFA Men's World Cup,M-2018-27,Belgium vs Tunisia,group stage,Group G,1,0,0,0,2018-06-23,15:00,S-151,Otkritie Arena,Moscow,Russia,T-06,Belgium,BEL,T-79,Tunisia,TUN,5–2,5,2,3,-3,0,0,0-0,0,0,home team win,1,0,0,2018-06-23,15:00,1510.0,1490.0,20.0,T-06,3.0,3.0,1.0,0.0,1.0,0.0,5,T-79,0.0,-1.0,0.0,1.0,0.0,0.5,5,0,0,1,0,0,1,0
1096,WC-2018,2018 FIFA Men's World Cup,M-2018-28,South Korea vs Mexico,group stage,Group F,1,0,0,0,2018-06-23,18:00,S-153,Rostov Arena,Rostov-on-Don,Russia,T-71,South Korea,KOR,T-46,Mexico,MEX,1–2,1,2,-1,1,0,0,0-0,0,0,away team win,0,1,0,2018-06-23,18:00,1490.0,1510.0,-20.0,T-71,0.0,-1.0,0.0,1.0,0.0,0.0,5,T-46,3.0,1.0,1.0,0.0,1.0,0.0,6,1,0,0,0,1,1,0
1097,WC-2018,2018 FIFA Men's World Cup,M-2018-29,Germany vs Sweden,group stage,Group F,1,0,0,0,2018-06-23,21:00,S-157,Fisht Olympic Stadium,Sochi,Russia,T-31,Germany,DEU,T-74,Sweden,SWE,2–1,2,1,1,-1,0,0,0-0,0,0,home team win,1,0,0,2018-06-23,21:00,1490.0,1510.0,-20.0,T-31,0.0,-1.0,0.0,1.0,0.0,0.0,6,T-74,3.0,1.0,1.0,0.0,1.0,0.0,5,1,1,1,0,0,1,0
1098,WC-2018,2018 FIFA Men's World Cup,M-2018-30,England vs Panama,group stage,Group G,1,0,0,0,2018-06-24,15:00,S-152,Nizhny Novgorod Stadium,Nizhny Novgorod,Russia,T-28,England,ENG,T-54,Panama,PAN,6–1,6,1,5,-5,0,0,0-0,0,0,home team win,1,0,0,2018-06-24,15:00,1510.0,1490.0,20.0,T-28,3.0,1.0,1.0,0.0,1.0,0.0,6,T-54,0.0,-3.0,0.0,1.0,0.0,0.5,6,0,0,1,0,0,1,0
1099,WC-2018,2018 FIFA Men's World Cup,M-2018-31,Japan vs Senegal,group stage,Group H,1,0,0,0,2018-06-24,20:00,S-159,Central Stadium,Yekaterinburg,Russia,T-44,Japan,JPN,T-65,Senegal,SEN,2–2,2,2,0,0,0,0,0-0,0,0,draw,0,0,1,2018-06-24,20:00,1510.0,1510.0,0.0,T-44,3.0,1.0,1.0,0.0,1.0,0.0,5,T-65,3.0,1.0,1.0,0.0,1.0,0.5,5,0,1,0,1,0,1,0
1100,WC-2018,2018 FIFA Men's World Cup,M-2018-32,Poland vs Colombia,group stage,Group H,1,0,0,0,2018-06-24,21:00,S-149,Kazan Arena,Kazan,Russia,T-57,Poland,POL,T-16,Colombia,COL,0–3,0,3,-3,3,0,0,0-0,0,0,away team win,0,1,0,2018-06-24,21:00,1490.0,1490.0,0.0,T-57,0.0,-1.0,0.0,1.0,0.0,0.0,5,T-16,0.0,-1.0,0.0,1.0,0.0,0.0,5,0,1,0,0,1,1,0
1101,WC-2018,2018 FIFA Men's World Cup,M-2018-33,Saudi Arabia vs Egypt,group stage,Group A,1,0,0,0,2018-06-25,17:00,S-158,Volgograd Arena,Volgograd,Russia,T-63,Saudi Arabia,SAU,T-26,Egypt,EGY,2–1,2,1,1,-1,0,0,0-0,0,0,home team win,1,0,0,2018-06-25,17:00,1480.5750112778453,1480.5750112778453,0.0,T-63,0.0,-6.0,0.0,1.0,0.0,0.3333333333333333,5,T-26,0.0,-3.0,0.0,1.0,0.0,0.3333333333333333,6,0,0,1,0,0,1,0
1102,WC-2018,2018 FIFA Men's World Cup,M-2018-34,Uruguay vs Russia,group stage,Group A,1,0,0,0,2018-06-25,18:00,S-155,Samara Arena,Samara,Russia,T-84,Uruguay,URY,T-62,Russia,RUS,3–0,3,0,3,-3,0,0,0-0,0,0,home team win,1,0,0,2018-06-25,18:00,1519.4249887221547,1519.4249887221547,0.0,T-84,6.0,2.0,1.0,0.0,1.0,0.0,5,T-62,6.0,7.0,1.0,0.0,1.0,0.0,6,0,0,1,0,0,1,0
1103,WC-2018,2018 FIFA Men's World Cup,M-2018-35,Spain vs Morocco,group stage,Group B,1,0,0,0,2018-06-25,20:00,S-148,Kaliningrad Stadium,Kaliningrad,Russia,T-73,Spain,ESP,T-47,Morocco,MAR,2–2,2,2,0,0,0,0,0-0,0,0,draw,0,0,1,2018-06-25,20:00,1510.28774368332,1480.28774368332,30.0,T-73,4.0,1.0,0.5,0.5,1.0,0.3333333333333333,5,T-47,0.0,-2.0,0.0,1.0,0.0,0.3333333333333333,5,0,1,0,1,0,1,0
1104,WC-2018,2018 FIFA Men's World Cup,M-2018-36,Iran vs Portugal,group stage,Group B,1,0,0,0,2018-06-25,21:00,S-156,Mordovia Arena,Saransk,Russia,T-38,Iran,IRN,T-58,Portugal,PRT,1–1,1,1,0,0,0,0,0-0,0,0,draw,0,0,1,2018-06-25,21:00,1499.71225631668,1509.71225631668,-10.0,T-38,3.0,0.0,0.5,0.5,0.0,0.0,5,T-58,4.0,1.0,0.5,0.0,1.0,0.0,5,1,1,0,1,0,1,0
1105,WC-2018,2018 FIFA Men's World Cup,M-2018-37,Australia vs Peru,group stage,Group C,1,0,0,0,2018-06-26,17:00,S-157,Fisht Olympic Stadium,Sochi,Russia,T-04,Australia,AUS,T-56,Peru,PER,0–2,0,2,-2,2,0,0,0-0,0,0,away team win,0,1,0,2018-06-26,17:00,1490.5750112778453,1480.5750112778453,10.0,T-04,1.0,-1.0,0.0,1.0,0.5,0.3333333333333333,5,T-56,0.0,-2.0,0.0,1.0,0.0,0.0,5,0,1,0,0,1,1,0
1106,WC-2018,2018 FIFA Men's World Cup,M-2018-38,Denmark vs France,group stage,Group C,1,0,0,0,2018-06-26,17:00,S-150,Luzhniki Stadium,Moscow,Russia,T-22,Denmark,DNK,T-30,France,FRA,0–0,0,0,0,0,0,0,0-0,0,0,draw,0,0,1,2018-06-26,17:00,1509.4249887221547,1519.4249887221547,-10.0,T-22,4.0,1.0,0.5,0.0,1.0,0.0,5,T-30,6.0,2.0,1.0,0.0,1.0,0.0,5,1,1,0,1,0,1,0
1107,WC-2018,2018 FIFA Men's World Cup,M-2018-39,Iceland vs Croatia,group stage,Group D,1,0,0,0,2018-06-26,21:00,S-153,Rostov Arena,Rostov-on-Don,Russia,T-37,Iceland,ISL,T-18,Croatia,HRV,1–2,1,2,-1,1,0,0,0-0,0,0,away team win,0,1,0,2018-06-26,21:00,1489.71225631668,1519.71225631668,-30.0,T-37,1.0,-2.0,0.0,1.0,0.5,0.3333333333333333,4,T-18,6.0,5.0,1.0,0.0,1.0,0.0,5,1,0,0,0,1,1,0
1108,WC-2018,2018 FIFA Men's World Cup,M-2018-40,Nigeria vs Argentina,group stage,Group D,1,0,0,0,2018-06-26,21:00,S-154,Krestovsky Stadium,Saint Petersburg,Russia,T-50,Nigeria,NGA,T-03,Argentina,ARG,1–2,1,2,-1,1,0,0,0-0,0,0,away team win,0,1,0,2018-06-26,21:00,1500.28774368332,1490.28774368332,10.0,T-50,3.0,0.0,0.5,0.5,0.0,0.0,4,T-03,1.0,-3.0,0.0,0.5,0.0,0.3333333333333333,5,0,1,0,0,1,1,0
1109,WC-2018,2018 FIFA Men's World Cup,M-2018-41,South Korea vs Germany,group stage,Group F,1,0,0,0,2018-06-27,17:00,S-149,Kazan Arena,Kazan,Russia,T-71,South Korea,KOR,T-31,Germany,DEU,2–0,2,0,2,-2,0,0,0-0,0,0,home team win,1,0,0,2018-06-27,17:00,1480.5750112778453,1500.5750112778453,-20.0,T-71,0.0,-2.0,0.0,1.0,0.0,0.0,4,T-31,3.0,0.0,0.5,1.0,1.5,0.0,4,1,1,1,0,0,1,0
1110,WC-2018,2018 FIFA Men's World Cup,M-2018-42,Mexico vs Sweden,group stage,Group F,1,0,0,0,2018-06-27,19:00,S-159,Central Stadium,Yekaterinburg,Russia,T-46,Mexico,MEX,T-74,Sweden,SWE,0–3,0,3,-3,3,0,0,0-0,0,0,away team win,0,1,0,2018-06-27,19:00,1519.4249887221547,1499.4249887221547,20.0,T-46,6.0,2.0,1.0,0.0,1.0,0.3333333333333333,4,T-74,3.0,0.0,0.5,0.0,1.0,0.3333333333333333,4,0,1,0,0,1,1,0
1111,WC-2018,2018 FIFA Men's World Cup,M-2018-43,Serbia vs Brazil,group stage,Group E,1,0,0,0,2018-06-27,21:00,S-151,Otkritie Arena,Moscow,Russia,T-66,Serbia,SRB,T-09,Brazil,BRA,0–2,0,2,-2,2,0,0,0-0,0,0,away team win,0,1,0,2018-06-27,21:00,1499.71225631668,1509.71225631668,-10.0,T-66,3.0,0.0,0.5,0.0,1.0,0.3333333333333333,5,T-09,4.0,2.0,0.5,0.0,1.0,0.0,5,1,0,0,0,1,1,0
1112,WC-2018,2018 FIFA Men's World Cup,M-2018-44,Switzerland vs Costa Rica,group stage,Group E,1,0,0,0,2018-06-27,21:00,S-152,Nizhny Novgorod Stadium,Nizhny Novgorod,Russia,T-75,Switzerland,CHE,T-17,Costa Rica,CRI,2–2,2,2,0,0,0,0,0-0,0,0,draw,0,0,1,2018-06-27,21:00,1510.28774368332,1480.28774368332,30.0,T-75,4.0,1.0,0.5,1.0,2.0,0.0,5,T-17,0.0,-3.0,0.0,1.0,0.0,0.3333333333333333,5,0,1,0,1,0,1,0
1113,WC-2018,2018 FIFA Men's World Cup,M-2018-45,Japan vs Poland,group stage,Group H,1,0,0,0,2018-06-28,17:00,S-158,Volgograd Arena,Volgograd,Russia,T-44,Japan,JPN,T-57,Poland,POL,0–1,0,1,-1,1,0,0,0-0,0,0,away team win,0,1,0,2018-06-28,17:00,1510.0,1480.0,30.0,T-44,4.0,1.0,0.5,0.5,1.0,0.0,4,T-57,0.0,-4.0,0.0,1.0,0.0,0.3333333333333333,4,0,1,0,0,1,1,0
1114,WC-2018,2018 FIFA Men's World Cup,M-2018-46,Senegal vs Colombia,group stage,Group H,1,0,0,0,2018-06-28,18:00,S-155,Samara Arena,Samara,Russia,T-65,Senegal,SEN,T-16,Colombia,COL,0–1,0,1,-1,1,0,0,0-0,0,0,away team win,0,1,0,2018-06-28,18:00,1510.0,1500.0,10.0,T-65,4.0,1.0,0.5,0.0,1.0,0.6666666666666666,4,T-16,3.0,2.0,0.5,0.5,0.0,0.0,4,0,1,0,0,1,1,0
1115,WC-2018,2018 FIFA Men's World Cup,M-2018-47,England vs Belgium,group stage,Group G,1,0,0,0,2018-06-28,20:00,S-148,Kaliningrad Stadium,Kaliningrad,Russia,T-28,England,ENG,T-06,Belgium,BEL,0–1,0,1,-1,1,0,0,0-0,0,0,away team win,0,1,0,2018-06-28,20:00,1519.4249887221547,1519.4249887221547,0.0,T-28,6.0,6.0,1.0,0.0,1.0,0.3333333333333333,4,T-06,6.0,6.0,1.0,0.0,1.0,0.3333333333333333,5,0,1,0,0,1,1,0
1116,WC-2018,2018 FIFA Men's World Cup,M-2018-48,Panama vs Tunisia,group stage,Group G,1,0,0,0,2018-06-28,21:00,S-156,Mordovia Arena,Saransk,Russia,T-54,Panama,PAN,T-79,Tunisia,TUN,1–2,1,2,-1,1,0,0,0-0,0,0,away team win,0,1,0,2018-06-28,21:00,1480.5750112778453,1480.5750112778453,0.0,T-54,0.0,-8.0,0.0,1.0,0.0,0.3333333333333333,4,T-79,0.0,-4.0,0.0,1.0,0.0,0.6666666666666666,5,0,1,0,0,1,1,0
1117,WC-2018,2018 FIFA Men's World Cup,M-2018-49,France vs Argentina,round of 16,not applicable,0,1,0,0,2018-06-30,17:00,S-149,Kazan Arena,Kazan,Russia,T-30,France,FRA,T-03,Argentina,ARG,4–3,4,3,1,-1,0,0,0-0,0,0,home team win,1,0,0,2018-06-30,17:00,1519.1372450388346,1500.57548736664,18.56175767219452,T-30,7.0,2.0,0.6666666666666666,0.0,1.0,0.0,4,T-03,4.0,-2.0,0.3333333333333333,0.3333333333333333,0.0,0.25,4,0,0,1,0,0,0,1
1118,WC-2018,2018 FIFA Men's World Cup,M-2018-50,Uruguay vs Portugal,round of 16,not applicable,0,1,0,0,2018-06-30,21:00,S-157,Fisht Olympic Stadium,Sochi,Russia,T-84,Uruguay,URY,T-58,Portugal,PRT,2–1,2,1,1,-1,0,0,0-0,0,0,home team win,1,0,0,2018-06-30,21:00,1529.4249887221547,1509.42451263336,20.00047608879481,T-84,9.0,5.0,1.0,0.0,1.0,0.0,5,T-58,5.0,1.0,0.3333333333333333,0.0,1.0,0.25,5,0,0,1,0,0,0,1
1119,WC-2018,2018 FIFA Men's World Cup,M-2018-51,Spain vs Russia,round of 16,not applicable,0,1,0,0,2018-07-01,17:00,S-150,Luzhniki Stadium,Moscow,Russia,T-73,Spain,ESP,T-62,Russia,RUS,1–1,1,1,0,0,1,1,3–4,3,4,away team win,0,1,0,2018-07-01,17:00,1509.4264138428755,1509.4249887221547,0.0014251207210236,T-73,5.0,1.0,0.3333333333333333,0.6666666666666666,1.0,0.5,6,T-62,6.0,4.0,0.6666666666666666,0.3333333333333333,0.0,0.25,6,0,1,0,1,0,0,1
1120,WC-2018,2018 FIFA Men's World Cup,M-2018-52,Croatia vs Denmark,round of 16,not applicable,0,1,0,0,2018-07-01,21:00,S-152,Nizhny Novgorod Stadium,Nizhny Novgorod,Russia,T-18,Croatia,HRV,T-22,Denmark,DNK,1–1,1,1,0,0,1,1,3–2,3,2,home team win,1,0,0,2018-07-01,21:00,1528.8509264762356,1509.7127324054748,19.138194070760846,T-18,9.0,6.0,1.0,0.0,1.0,0.25,5,T-22,5.0,1.0,0.3333333333333333,0.0,1.0,0.0,5,0,1,0,1,0,0,1
1121,WC-2018,2018 FIFA Men's World Cup,M-2018-53,Brazil vs Mexico,round of 16,not applicable,0,1,0,0,2018-07-02,18:00,S-155,Samara Arena,Samara,Russia,T-09,Brazil,BRA,T-46,Mexico,MEX,2–0,2,0,2,-2,0,0,0-0,0,0,home team win,1,0,0,2018-07-02,18:00,1519.42451263336,1508.8499774443094,10.574535189050492,T-09,7.0,4.0,0.6666666666666666,0.0,1.0,0.0,5,T-46,6.0,-1.0,0.6666666666666666,0.3333333333333333,0.0,0.25,5,0,0,1,0,0,0,1
1122,WC-2018,2018 FIFA Men's World Cup,M-2018-54,Belgium vs Japan,round of 16,not applicable,0,1,0,0,2018-07-02,21:00,S-153,Rostov Arena,Rostov-on-Don,Russia,T-06,Belgium,BEL,T-44,Japan,JPN,3–2,3,2,1,-1,0,0,0-0,0,0,home team win,1,0,0,2018-07-02,21:00,1529.4249887221547,1499.1386701595557,30.286318562599035,T-06,9.0,7.0,1.0,0.0,1.0,0.25,4,T-44,4.0,0.0,0.3333333333333333,0.6666666666666666,0.5,0.0,4,0,0,1,0,0,0,1
1123,WC-2018,2018 FIFA Men's World Cup,M-2018-55,Sweden vs Switzerland,round of 16,not applicable,0,1,0,0,2018-07-03,17:00,S-154,Krestovsky Stadium,Saint Petersburg,Russia,T-74,Sweden,SWE,T-75,Switzerland,CHE,1–0,1,0,1,-1,0,0,0-0,0,0,home team win,1,0,0,2018-07-03,17:00,1510.0,1509.4264138428755,0.5735861571242822,T-74,6.0,3.0,0.6666666666666666,0.0,1.0,0.25,6,T-75,5.0,1.0,0.3333333333333333,0.6666666666666666,2.0,0.25,6,0,0,1,0,0,0,1
1124,WC-2018,2018 FIFA Men's World Cup,M-2018-56,Colombia vs England,round of 16,not applicable,0,1,0,0,2018-07-03,21:00,S-151,Otkritie Arena,Moscow,Russia,T-16,Colombia,COL,T-28,England,ENG,1–1,1,1,0,0,1,1,3–4,3,4,away team win,0,1,0,2018-07-03,21:00,1510.28774368332,1509.4249887221547,0.8627549611653649,T-16,6.0,3.0,0.6666666666666666,0.3333333333333333,0.0,0.0,5,T-28,6.0,5.0,0.6666666666666666,0.3333333333333333,0.0,0.25,5,0,1,0,1,0,0,1
1125,WC-2018,2018 FIFA Men's World Cup,M-2018-57,Uruguay vs France,quarter-finals,not applicable,0,1,0,0,2018-07-06,17:00,S-152,Nizhny Novgorod Stadium,Nizhny Novgorod,Russia,T-84,Uruguay,URY,T-30,France,FRA,0–2,0,2,-2,2,0,0,0-0,0,0,away team win,0,1,0,2018-07-06,17:00,1538.8499637866803,1528.6035024195935,10.246461367087022,T-84,12.0,6.0,1.0,0.0,1.0,0.0,6,T-30,10.0,3.0,0.75,0.0,1.0,0.2,6,0,1,0,0,1,0,1
1126,WC-2018,2018 FIFA Men's World Cup,M-2018-58,Brazil vs Belgium,quarter-finals,not applicable,0,1,0,0,2018-07-06,21:00,S-149,Kazan Arena,Kazan,Russia,T-09,Brazil,BRA,T-06,Belgium,BEL,1–2,1,2,-1,1,0,0,0-0,0,0,away team win,0,1,0,2018-07-06,21:00,1529.1202469908278,1538.555479691874,-9.435232701046289,T-09,10.0,6.0,0.75,0.0,1.0,0.0,4,T-06,12.0,8.0,1.0,0.25,3.0,0.2,4,1,0,0,0,1,0,1
1127,WC-2018,2018 FIFA Men's World Cup,M-2018-59,Sweden vs England,quarter-finals,not applicable,0,1,0,0,2018-07-07,18:00,S-155,Samara Arena,Samara,Russia,T-74,Sweden,SWE,T-28,England,ENG,0–2,0,2,-2,2,0,0,0-0,0,0,away team win,0,1,0,2018-07-07,18:00,1519.9834908783118,1509.44982075502,10.533670123291811,T-74,9.0,4.0,0.75,0.0,1.0,0.2,4,T-28,7.0,5.0,0.5,0.25,0.0,0.4,4,0,1,0,0,1,0,1
1128,WC-2018,2018 FIFA Men's World Cup,M-2018-60,Russia vs Croatia,quarter-finals,not applicable,0,1,0,0,2018-07-07,21:00,S-157,Fisht Olympic Stadium,Sochi,Russia,T-62,Russia,RUS,T-18,Croatia,HRV,2–2,2,2,0,0,1,1,3–4,3,4,away team win,0,1,0,2018-07-07,21:00,1509.4250297404262,1528.3006414289746,-18.87561168854836,T-62,7.0,4.0,0.5,0.5,0.5,0.2,6,T-18,10.0,6.0,0.75,0.25,1.0,0.2,6,1,1,0,1,0,0,1
1129,WC-2018,2018 FIFA Men's World Cup,M-2018-61,France vs Belgium,semi-finals,not applicable,0,1,0,0,2018-07-10,21:00,S-154,Krestovsky Stadium,Saint Petersburg,Russia,T-30,France,FRA,T-06,Belgium,BEL,1–0,1,0,1,-1,0,0,0-0,0,0,home team win,1,0,0,2018-07-10,21:00,1538.8983338120715,1548.2839786047025,-9.385644792630728,T-30,13.0,5.0,0.8,0.0,1.0,0.1666666666666666,4,T-06,15.0,9.0,1.0,0.2,3.0,0.3333333333333333,4,1,1,1,0,0,0,1
1130,WC-2018,2018 FIFA Men's World Cup,M-2018-62,Croatia vs England,semi-finals,not applicable,0,1,0,0,2018-07-11,21:00,S-150,Luzhniki Stadium,Moscow,Russia,T-18,Croatia,HRV,T-28,England,ENG,2–1,2,1,1,-1,1,0,0-0,0,0,home team win,1,0,0,2018-07-11,21:00,1527.7578915363138,1519.752911291101,8.004980245212664,T-18,11.0,6.0,0.6,0.4,1.0,0.3333333333333333,4,T-28,10.0,7.0,0.6,0.2,0.0,0.3333333333333333,4,0,0,1,0,0,0,1
1131,WC-2018,2018 FIFA Men's World Cup,M-2018-63,Belgium vs England,third-place match,not applicable,0,1,0,0,2018-07-14,17:00,S-154,Krestovsky Stadium,Saint Petersburg,Russia,T-06,Belgium,BEL,T-28,England,ENG,2–0,2,0,2,-2,0,0,0-0,0,0,home team win,1,0,0,2018-07-14,17:00,1538.013903725711,1509.9832723824177,28.030631343293635,T-06,12.0,5.0,0.8333333333333334,0.3333333333333333,1.5,0.2857142857142857,4,T-28,7.0,5.0,0.5,0.1666666666666666,0.0,0.4285714285714285,3,0,0,1,0,0,0,1
1132,WC-2018,2018 FIFA Men's World Cup,M-2018-64,France vs Croatia,final,not applicable,0,1,0,0,2018-07-15,18:00,S-150,Luzhniki Stadium,Moscow,Russia,T-30,France,FRA,T-18,Croatia,HRV,4–2,4,2,2,-2,0,0,0-0,0,0,home team win,1,0,0,2018-07-15,18:00,1549.1684086910627,1537.5275304449974,11.640878246065313,T-30,13.0,5.0,0.8333333333333334,0.0,1.0,0.1428571428571428,5,T-18,11.0,5.0,0.6666666666666666,0.5,1.6666666666666667,0.2857142857142857,4,0,0,1,0,0,0,1
1185,WC-2022,2022 FIFA Men's World Cup,M-2022-01,Qatar vs Ecuador,group stage,Group A,1,0,0,0,2022-11-20,19:00,S-140,Al Bayt Stadium,Al Khor,Qatar,T-59,Qatar,QAT,T-25,Ecuador,ECU,0–2,0,2,-2,2,0,0,0-0,0,0,away team win,0,1,0,2022-11-20,19:00,1500.0,1500.0,0.0,T-59,0.0,0.0,0.33,0.5,1.0,0.0,-1,T-25,0.0,0.0,0.33,0.5,1.0,0.0,-1,0,1,0,0,1,1,0
1186,WC-2022,2022 FIFA Men's World Cup,M-2022-02,England vs Iran,group stage,Group B,1,0,0,0,2022-11-21,16:00,S-143,Khalifa International Stadium,Al Rayyan,Qatar,T-28,England,ENG,T-38,Iran,IRN,6–2,6,2,4,-4,0,0,0-0,0,0,home team win,1,0,0,2022-11-21,16:00,1500.0,1500.0,0.0,T-28,0.0,0.0,0.33,0.5,1.0,0.0,-1,T-38,0.0,0.0,0.33,0.5,1.0,0.0,-1,0,0,1,0,0,1,0
1187,WC-2022,2022 FIFA Men's World Cup,M-2022-03,Senegal vs Netherlands,group stage,Group A,1,0,0,0,2022-11-21,19:00,S-145,Al Thumama Stadium,Doha,Qatar,T-65,Senegal,SEN,T-48,Netherlands,NLD,0–2,0,2,-2,2,0,0,0-0,0,0,away team win,0,1,0,2022-11-21,19:00,1500.0,1500.0,0.0,T-65,0.0,0.0,0.33,0.5,1.0,0.0,-1,T-48,0.0,0.0,0.33,0.5,1.0,0.0,-1,0,1,0,0,1,1,0
1188,WC-2022,2022 FIFA Men's World Cup,M-2022-04,United States vs Wales,group stage,Group B,1,0,0,0,2022-11-21,22:00,S-141,Ahmad bin Ali Stadium,Al Rayyan,Qatar,T-83,United States,USA,T-85,Wales,WAL,1–1,1,1,0,0,0,0,0-0,0,0,draw,0,0,1,2022-11-21,22:00,1500.0,1500.0,0.0,T-83,0.0,0.0,0.33,0.5,1.0,0.0,-1,T-85,0.0,0.0,0.33,0.5,1.0,0.0,-1,0,1,0,1,0,1,0
1189,WC-2022,2022 FIFA Men's World Cup,M-2022-05,Argentina vs Saudi Arabia,group stage,Group C,1,0,0,0,2022-11-22,13:00,S-147,Lusail Stadium,Lusail,Qatar,T-03,Argentina,ARG,T-63,Saudi Arabia,SAU,1–2,1,2,-1,1,0,0,0-0,0,0,away team win,0,1,0,2022-11-22,13:00,1500.0,1500.0,0.0,T-03,0.0,0.0,0.33,0.5,1.0,0.0,-1,T-63,0.0,0.0,0.33,0.5,1.0,0.0,-1,0,1,0,0,1,1,0
1190,WC-2022,2022 FIFA Men's World Cup,M-2022-06,Denmark vs Tunisia,group stage,Group D,1,0,0,0,2022-11-22,16:00,S-142,Education City Stadium,Al Rayyan,Qatar,T-22,Denmark,DNK,T-79,Tunisia,TUN,0–0,0,0,0,0,0,0,0-0,0,0,draw,0,0,1,2022-11-22,16:00,1500.0,1500.0,0.0,T-22,0.0,0.0,0.33,0.5,1.0,0.0,-1,T-79,0.0,0.0,0.33,0.5,1.0,0.0,-1,0,1,0,1,0,1,0
1191,WC-2022,2022 FIFA Men's World Cup,M-2022-07,Mexico vs Poland,group stage,Group C,1,0,0,0,2022-11-22,19:00,S-146,Stadium 974,Doha,Qatar,T-46,Mexico,MEX,T-57,Poland,POL,0–0,0,0,0,0,0,0,0-0,0,0,draw,0,0,1,2022-11-22,19:00,1500.0,1500.0,0.0,T-46,0.0,0.0,0.33,0.5,1.0,0.0,-1,T-57,0.0,0.0,0.33,0.5,1.0,0.0,-1,0,1,0,1,0,1,0
1192,WC-2022,2022 FIFA Men's World Cup,M-2022-08,France vs Australia,group stage,Group D,1,0,0,0,2022-11-22,22:00,S-144,Al Janoub Stadium,Al Wakrah,Qatar,T-30,France,FRA,T-04,Australia,AUS,4–1,4,1,3,-3,0,0,0-0,0,0,home team win,1,0,0,2022-11-22,22:00,1500.0,1500.0,0.0,T-30,0.0,0.0,0.33,0.5,1.0,0.0,-1,T-04,0.0,0.0,0.33,0.5,1.0,0.0,-1,0,0,1,0,0,1,0
1193,WC-2022,2022 FIFA Men's World Cup,M-2022-09,Morocco vs Croatia,group stage,Group F,1,0,0,0,2022-11-23,13:00,S-140,Al Bayt Stadium,Al Khor,Qatar,T-47,Morocco,MAR,T-18,Croatia,HRV,0–0,0,0,0,0,0,0,0-0,0,0,draw,0,0,1,2022-11-23,13:00,1500.0,1500.0,0.0,T-47,0.0,0.0,0.33,0.5,1.0,0.0,-1,T-18,0.0,0.0,0.33,0.5,1.0,0.0,-1,0,1,0,1,0,1,0
1194,WC-2022,2022 FIFA Men's World Cup,M-2022-10,Germany vs Japan,group stage,Group E,1,0,0,0,2022-11-23,16:00,S-143,Khalifa International Stadium,Al Rayyan,Qatar,T-31,Germany,DEU,T-44,Japan,JPN,1–2,1,2,-1,1,0,0,0-0,0,0,away team win,0,1,0,2022-11-23,16:00,1500.0,1500.0,0.0,T-31,0.0,0.0,0.33,0.5,1.0,0.0,-1,T-44,0.0,0.0,0.33,0.5,1.0,0.0,-1,0,1,0,0,1,1,0
1195,WC-2022,2022 FIFA Men's World Cup,M-2022-11,Spain vs Costa Rica,group stage,Group E,1,0,0,0,2022-11-23,19:00,S-145,Al Thumama Stadium,Doha,Qatar,T-73,Spain,ESP,T-17,Costa Rica,CRI,7–0,7,0,7,-7,0,0,0-0,0,0,home team win,1,0,0,2022-11-23,19:00,1500.0,1500.0,0.0,T-73,0.0,0.0,0.33,0.5,1.0,0.0,-1,T-17,0.0,0.0,0.33,0.5,1.0,0.0,-1,0,0,1,0,0,1,0
1196,WC-2022,2022 FIFA Men's World Cup,M-2022-12,Belgium vs Canada,group stage,Group F,1,0,0,0,2022-11-23,22:00,S-141,Ahmad bin Ali Stadium,Al Rayyan,Qatar,T-06,Belgium,BEL,T-12,Canada,CAN,1–0,1,0,1,-1,0,0,0-0,0,0,home team win,1,0,0,2022-11-23,22:00,1500.0,1500.0,0.0,T-06,0.0,0.0,0.33,0.5,1.0,0.0,-1,T-12,0.0,0.0,0.33,0.5,1.0,0.0,-1,0,0,1,0,0,1,0
1197,WC-2022,2022 FIFA Men's World Cup,M-2022-13,Switzerland vs Cameroon,group stage,Group G,1,0,0,0,2022-11-24,13:00,S-144,Al Janoub Stadium,Al Wakrah,Qatar,T-75,Switzerland,CHE,T-11,Cameroon,CMR,1–0,1,0,1,-1,0,0,0-0,0,0,home team win,1,0,0,2022-11-24,13:00,1500.0,1500.0,0.0,T-75,0.0,0.0,0.33,0.5,1.0,0.0,-1,T-11,0.0,0.0,0.33,0.5,1.0,0.0,-1,0,0,1,0,0,1,0
1198,WC-2022,2022 FIFA Men's World Cup,M-2022-14,Uruguay vs South Korea,group stage,Group H,1,0,0,0,2022-11-24,16:00,S-142,Education City Stadium,Al Rayyan,Qatar,T-84,Uruguay,URY,T-71,South Korea,KOR,0–0,0,0,0,0,0,0,0-0,0,0,draw,0,0,1,2022-11-24,16:00,1500.0,1500.0,0.0,T-84,0.0,0.0,0.33,0.5,1.0,0.0,-1,T-71,0.0,0.0,0.33,0.5,1.0,0.0,-1,0,1,0,1,0,1,0
1199,WC-2022,2022 FIFA Men's World Cup,M-2022-15,Portugal vs Ghana,group stage,Group H,1,0,0,0,2022-11-24,19:00,S-146,Stadium 974,Doha,Qatar,T-58,Portugal,PRT,T-32,Ghana,GHA,3–2,3,2,1,-1,0,0,0-0,0,0,home team win,1,0,0,2022-11-24,19:00,1500.0,1500.0,0.0,T-58,0.0,0.0,0.33,0.5,1.0,0.0,-1,T-32,0.0,0.0,0.33,0.5,1.0,0.0,-1,0,0,1,0,0,1,0
1200,WC-2022,2022 FIFA Men's World Cup,M-2022-16,Brazil vs Serbia,group stage,Group G,1,0,0,0,2022-11-24,22:00,S-147,Lusail Stadium,Lusail,Qatar,T-09,Brazil,BRA,T-66,Serbia,SRB,2–0,2,0,2,-2,0,0,0-0,0,0,home team win,1,0,0,2022-11-24,22:00,1500.0,1500.0,0.0,T-09,0.0,0.0,0.33,0.5,1.0,0.0,-1,T-66,0.0,0.0,0.33,0.5,1.0,0.0,-1,0,0,1,0,0,1,0
1201,WC-2022,2022 FIFA Men's World Cup,M-2022-17,Wales vs Iran,group stage,Group B,1,0,0,0,2022-11-25,13:00,S-141,Ahmad bin Ali Stadium,Al Rayyan,Qatar,T-85,Wales,WAL,T-38,Iran,IRN,0–2,0,2,-2,2,0,0,0-0,0,0,away team win,0,1,0,2022-11-25,13:00,1500.0,1490.0,10.0,T-85,1.0,0.0,0.0,1.0,1.0,0.0,4,T-38,0.0,-4.0,0.0,1.0,0.0,0.5,4,0,1,0,0,1,1,0
1202,WC-2022,2022 FIFA Men's World Cup,M-2022-18,Qatar vs Senegal,group stage,Group A,1,0,0,0,2022-11-25,16:00,S-145,Al Thumama Stadium,Doha,Qatar,T-59,Qatar,QAT,T-65,Senegal,SEN,1–3,1,3,-2,2,0,0,0-0,0,0,away team win,0,1,0,2022-11-25,16:00,1490.0,1490.0,0.0,T-59,0.0,-2.0,0.0,1.0,0.0,0.0,5,T-65,0.0,-2.0,0.0,1.0,0.0,0.5,4,0,1,0,0,1,1,0
1203,WC-2022,2022 FIFA Men's World Cup,M-2022-19,Netherlands vs Ecuador,group stage,Group A,1,0,0,0,2022-11-25,19:00,S-143,Khalifa International Stadium,Al Rayyan,Qatar,T-48,Netherlands,NLD,T-25,Ecuador,ECU,1–1,1,1,0,0,0,0,0-0,0,0,draw,0,0,1,2022-11-25,19:00,1510.0,1510.0,0.0,T-48,3.0,2.0,1.0,0.0,1.0,0.0,4,T-25,3.0,2.0,1.0,0.0,1.0,0.0,5,0,1,0,1,0,1,0
1204,WC-2022,2022 FIFA Men's World Cup,M-2022-20,England vs United States,group stage,Group B,1,0,0,0,2022-11-25,22:00,S-140,Al Bayt Stadium,Al Khor,Qatar,T-28,England,ENG,T-83,United States,USA,0–0,0,0,0,0,0,0,0-0,0,0,draw,0,0,1,2022-11-25,22:00,1510.0,1500.0,10.0,T-28,3.0,4.0,1.0,0.0,1.0,0.5,4,T-83,1.0,0.0,0.0,0.0,1.0,0.5,4,0,1,0,1,0,1,0
1205,WC-2022,2022 FIFA Men's World Cup,M-2022-21,Tunisia vs Australia,group stage,Group D,1,0,0,0,2022-11-26,13:00,S-144,Al Janoub Stadium,Al Wakrah,Qatar,T-79,Tunisia,TUN,T-04,Australia,AUS,0–1,0,1,-1,1,0,0,0-0,0,0,away team win,0,1,0,2022-11-26,13:00,1500.0,1490.0,10.0,T-79,1.0,0.0,0.0,0.0,1.0,0.0,4,T-04,0.0,-3.0,0.0,0.0,1.0,0.0,4,0,1,0,0,1,1,0
1206,WC-2022,2022 FIFA Men's World Cup,M-2022-22,Poland vs Saudi Arabia,group stage,Group C,1,0,0,0,2022-11-26,16:00,S-142,Education City Stadium,Al Rayyan,Qatar,T-57,Poland,POL,T-63,Saudi Arabia,SAU,2–0,2,0,2,-2,0,0,0-0,0,0,home team win,1,0,0,2022-11-26,16:00,1500.0,1510.0,-10.0,T-57,1.0,0.0,0.0,0.0,1.0,0.0,4,T-63,3.0,1.0,1.0,1.0,3.0,0.0,4,1,1,1,0,0,1,0
1207,WC-2022,2022 FIFA Men's World Cup,M-2022-23,France vs Denmark,group stage,Group D,1,0,0,0,2022-11-26,19:00,S-146,Stadium 974,Doha,Qatar,T-30,France,FRA,T-22,Denmark,DNK,2–1,2,1,1,-1,0,0,0-0,0,0,home team win,1,0,0,2022-11-26,19:00,1510.0,1500.0,10.0,T-30,3.0,3.0,1.0,1.0,3.0,0.0,4,T-22,1.0,0.0,0.0,0.0,1.0,0.0,4,0,0,1,0,0,1,0
1208,WC-2022,2022 FIFA Men's World Cup,M-2022-24,Argentina vs Mexico,group stage,Group C,1,0,0,0,2022-11-26,22:00,S-147,Lusail Stadium,Lusail,Qatar,T-03,Argentina,ARG,T-46,Mexico,MEX,2–0,2,0,2,-2,0,0,0-0,0,0,home team win,1,0,0,2022-11-26,22:00,1490.0,1500.0,-10.0,T-03,0.0,-1.0,0.0,0.0,1.0,0.0,4,T-46,1.0,0.0,0.0,0.0,1.0,0.0,4,1,1,1,0,0,1,0
1209,WC-2022,2022 FIFA Men's World Cup,M-2022-25,Japan vs Costa Rica,group stage,Group E,1,0,0,0,2022-11-27,13:00,S-141,Ahmad bin Ali Stadium,Al Rayyan,Qatar,T-44,Japan,JPN,T-17,Costa Rica,CRI,0–1,0,1,-1,1,0,0,0-0,0,0,away team win,0,1,0,2022-11-27,13:00,1510.0,1490.0,20.0,T-44,3.0,1.0,1.0,1.0,3.0,0.0,4,T-17,0.0,-7.0,0.0,1.0,0.0,0.5,4,0,1,0,0,1,1,0
1210,WC-2022,2022 FIFA Men's World Cup,M-2022-26,Belgium vs Morocco,group stage,Group F,1,0,0,0,2022-11-27,16:00,S-145,Al Thumama Stadium,Doha,Qatar,T-06,Belgium,BEL,T-47,Morocco,MAR,0–2,0,2,-2,2,0,0,0-0,0,0,away team win,0,1,0,2022-11-27,16:00,1510.0,1500.0,10.0,T-06,3.0,1.0,1.0,0.0,1.0,0.0,4,T-47,1.0,0.0,0.0,0.0,1.0,0.0,4,0,1,0,0,1,1,0
1211,WC-2022,2022 FIFA Men's World Cup,M-2022-27,Croatia vs Canada,group stage,Group F,1,0,0,0,2022-11-27,19:00,S-143,Khalifa International Stadium,Al Rayyan,Qatar,T-18,Croatia,HRV,T-12,Canada,CAN,4–1,4,1,3,-3,0,0,0-0,0,0,home team win,1,0,0,2022-11-27,19:00,1500.0,1490.0,10.0,T-18,1.0,0.0,0.0,0.0,1.0,0.0,4,T-12,0.0,-1.0,0.0,1.0,0.0,0.0,4,0,0,1,0,0,1,0
1212,WC-2022,2022 FIFA Men's World Cup,M-2022-28,Spain vs Germany,group stage,Group E,1,0,0,0,2022-11-27,22:00,S-140,Al Bayt Stadium,Al Khor,Qatar,T-73,Spain,ESP,T-31,Germany,DEU,1–1,1,1,0,0,0,0,0-0,0,0,draw,0,0,1,2022-11-27,22:00,1510.0,1490.0,20.0,T-73,3.0,7.0,1.0,0.0,1.0,0.0,4,T-31,0.0,-1.0,0.0,0.0,1.0,0.5,4,0,1,0,1,0,1,0
1213,WC-2022,2022 FIFA Men's World Cup,M-2022-29,Cameroon vs Serbia,group stage,Group G,1,0,0,0,2022-11-28,13:00,S-144,Al Janoub Stadium,Al Wakrah,Qatar,T-11,Cameroon,CMR,T-66,Serbia,SRB,3–3,3,3,0,0,0,0,0-0,0,0,draw,0,0,1,2022-11-28,13:00,1490.0,1490.0,0.0,T-11,0.0,-1.0,0.0,1.0,0.0,0.0,4,T-66,0.0,-2.0,0.0,1.0,0.0,0.0,4,0,1,0,1,0,1,0
1214,WC-2022,2022 FIFA Men's World Cup,M-2022-30,South Korea vs Ghana,group stage,Group H,1,0,0,0,2022-11-28,16:00,S-142,Education City Stadium,Al Rayyan,Qatar,T-71,South Korea,KOR,T-32,Ghana,GHA,2–3,2,3,-1,1,0,0,0-0,0,0,away team win,0,1,0,2022-11-28,16:00,1500.0,1490.0,10.0,T-71,1.0,0.0,0.0,0.0,1.0,0.0,4,T-32,0.0,-1.0,0.0,1.0,0.0,0.5,4,0,1,0,0,1,1,0
1215,WC-2022,2022 FIFA Men's World Cup,M-2022-31,Brazil vs Switzerland,group stage,Group G,1,0,0,0,2022-11-28,19:00,S-146,Stadium 974,Doha,Qatar,T-09,Brazil,BRA,T-75,Switzerland,CHE,1–0,1,0,1,-1,0,0,0-0,0,0,home team win,1,0,0,2022-11-28,19:00,1510.0,1510.0,0.0,T-09,3.0,2.0,1.0,0.0,1.0,0.0,4,T-75,3.0,1.0,1.0,0.0,1.0,0.0,4,0,0,1,0,0,1,0
1216,WC-2022,2022 FIFA Men's World Cup,M-2022-32,Portugal vs Uruguay,group stage,Group H,1,0,0,0,2022-11-28,22:00,S-147,Lusail Stadium,Lusail,Qatar,T-58,Portugal,PRT,T-84,Uruguay,URY,2–0,2,0,2,-2,0,0,0-0,0,0,home team win,1,0,0,2022-11-28,22:00,1510.0,1500.0,10.0,T-58,3.0,1.0,1.0,0.0,1.0,0.5,4,T-84,1.0,0.0,0.0,0.0,1.0,0.0,4,0,0,1,0,0,1,0
1217,WC-2022,2022 FIFA Men's World Cup,M-2022-33,Ecuador vs Senegal,group stage,Group A,1,0,0,0,2022-11-29,18:00,S-143,Khalifa International Stadium,Al Rayyan,Qatar,T-25,Ecuador,ECU,T-65,Senegal,SEN,1–2,1,2,-1,1,0,0,0-0,0,0,away team win,0,1,0,2022-11-29,18:00,1510.0,1500.0,10.0,T-25,4.0,2.0,0.5,0.5,1.0,0.0,4,T-65,3.0,0.0,0.5,0.5,0.0,0.6666666666666666,4,0,1,0,0,1,1,0
1218,WC-2022,2022 FIFA Men's World Cup,M-2022-34,Netherlands vs Qatar,group stage,Group A,1,0,0,0,2022-11-29,18:00,S-140,Al Bayt Stadium,Al Khor,Qatar,T-48,Netherlands,NLD,T-59,Qatar,QAT,2–0,2,0,2,-2,0,0,0-0,0,0,home team win,1,0,0,2022-11-29,18:00,1510.0,1480.0,30.0,T-48,4.0,2.0,0.5,0.0,1.0,0.0,4,T-59,0.0,-4.0,0.0,1.0,0.0,0.3333333333333333,4,0,0,1,0,0,1,0
1219,WC-2022,2022 FIFA Men's World Cup,M-2022-35,Iran vs United States,group stage,Group B,1,0,0,0,2022-11-29,22:00,S-145,Al Thumama Stadium,Doha,Qatar,T-38,Iran,IRN,T-83,United States,USA,0–1,0,1,-1,1,0,0,0-0,0,0,away team win,0,1,0,2022-11-29,22:00,1500.28774368332,1500.28774368332,0.0,T-38,3.0,-2.0,0.5,0.5,0.0,0.3333333333333333,4,T-83,2.0,0.0,0.0,0.0,1.0,0.3333333333333333,4,0,1,0,0,1,1,0
1220,WC-2022,2022 FIFA Men's World Cup,M-2022-36,Wales vs England,group stage,Group B,1,0,0,0,2022-11-29,22:00,S-141,Ahmad bin Ali Stadium,Al Rayyan,Qatar,T-85,Wales,WAL,T-28,England,ENG,0–3,0,3,-3,3,0,0,0-0,0,0,away team win,0,1,0,2022-11-29,22:00,1489.71225631668,1509.71225631668,-20.0,T-85,1.0,-2.0,0.0,1.0,0.5,0.3333333333333333,4,T-28,4.0,4.0,0.5,0.0,1.0,0.3333333333333333,4,1,0,0,0,1,1,0
1221,WC-2022,2022 FIFA Men's World Cup,M-2022-37,Australia vs Denmark,group stage,Group D,1,0,0,0,2022-11-30,18:00,S-144,Al Janoub Stadium,Al Wakrah,Qatar,T-04,Australia,AUS,T-22,Denmark,DNK,1–0,1,0,1,-1,0,0,0-0,0,0,home team win,1,0,0,2022-11-30,18:00,1500.28774368332,1490.28774368332,10.0,T-04,3.0,-2.0,0.5,0.0,1.0,0.0,4,T-22,1.0,-1.0,0.0,0.5,0.0,0.3333333333333333,4,0,0,1,0,0,1,0
1222,WC-2022,2022 FIFA Men's World Cup,M-2022-38,Tunisia vs France,group stage,Group D,1,0,0,0,2022-11-30,18:00,S-142,Education City Stadium,Al Rayyan,Qatar,T-79,Tunisia,TUN,T-30,France,FRA,1–0,1,0,1,-1,0,0,0-0,0,0,home team win,1,0,0,2022-11-30,18:00,1489.71225631668,1519.71225631668,-30.0,T-79,1.0,-1.0,0.0,0.5,0.0,0.0,4,T-30,6.0,4.0,1.0,0.5,3.0,0.0,4,1,1,1,0,0,1,0
1223,WC-2022,2022 FIFA Men's World Cup,M-2022-39,Poland vs Argentina,group stage,Group C,1,0,0,0,2022-11-30,22:00,S-146,Stadium 974,Doha,Qatar,T-57,Poland,POL,T-03,Argentina,ARG,0–2,0,2,-2,2,0,0,0-0,0,0,away team win,0,1,0,2022-11-30,22:00,1510.28774368332,1500.28774368332,10.0,T-57,4.0,2.0,0.5,0.0,1.0,0.0,4,T-03,3.0,1.0,0.5,0.0,1.0,0.0,4,0,1,0,0,1,1,0
1224,WC-2022,2022 FIFA Men's World Cup,M-2022-40,Saudi Arabia vs Mexico,group stage,Group C,1,0,0,0,2022-11-30,22:00,S-147,Lusail Stadium,Lusail,Qatar,T-63,Saudi Arabia,SAU,T-46,Mexico,MEX,1–2,1,2,-1,1,0,0,0-0,0,0,away team win,0,1,0,2022-11-30,22:00,1499.71225631668,1489.71225631668,10.0,T-63,3.0,-1.0,0.5,1.0,1.5,0.3333333333333333,4,T-46,1.0,-2.0,0.0,0.5,0.0,0.3333333333333333,4,0,1,0,0,1,1,0
1225,WC-2022,2022 FIFA Men's World Cup,M-2022-41,Canada vs Morocco,group stage,Group F,1,0,0,0,2022-12-01,18:00,S-145,Al Thumama Stadium,Doha,Qatar,T-12,Canada,CAN,T-47,Morocco,MAR,1–2,1,2,-1,1,0,0,0-0,0,0,away team win,0,1,0,2022-12-01,18:00,1480.28774368332,1510.28774368332,-30.0,T-12,0.0,-4.0,0.0,0.5,0.0,0.3333333333333333,4,T-47,4.0,2.0,0.5,0.0,1.0,0.0,4,1,0,0,0,1,1,0
1226,WC-2022,2022 FIFA Men's World Cup,M-2022-42,Croatia vs Belgium,group stage,Group F,1,0,0,0,2022-12-01,18:00,S-141,Ahmad bin Ali Stadium,Al Rayyan,Qatar,T-18,Croatia,HRV,T-06,Belgium,BEL,0–0,0,0,0,0,0,0,0-0,0,0,draw,0,0,1,2022-12-01,18:00,1509.71225631668,1499.71225631668,10.0,T-18,4.0,3.0,0.5,0.5,3.0,0.0,4,T-06,3.0,-1.0,0.5,0.5,0.0,0.3333333333333333,4,0,1,0,1,0,1,0
1227,WC-2022,2022 FIFA Men's World Cup,M-2022-43,Costa Rica vs Germany,group stage,Group E,1,0,0,0,2022-12-01,22:00,S-140,Al Bayt Stadium,Al Khor,Qatar,T-17,Costa Rica,CRI,T-31,Germany,DEU,2–4,2,4,-2,2,0,0,0-0,0,0,away team win,0,1,0,2022-12-01,22:00,1500.5750112778453,1490.5750112778453,10.0,T-17,3.0,-6.0,0.5,0.5,0.0,0.3333333333333333,4,T-31,1.0,-1.0,0.0,0.5,1.0,0.3333333333333333,4,0,1,0,0,1,1,0
1228,WC-2022,2022 FIFA Men's World Cup,M-2022-44,Japan vs Spain,group stage,Group E,1,0,0,0,2022-12-01,22:00,S-143,Khalifa International Stadium,Al Rayyan,Qatar,T-44,Japan,JPN,T-73,Spain,ESP,2–1,2,1,1,-1,0,0,0-0,0,0,home team win,1,0,0,2022-12-01,22:00,1499.4249887221547,1509.4249887221547,-10.0,T-44,3.0,0.0,0.5,1.0,1.5,0.3333333333333333,4,T-73,4.0,7.0,0.5,0.0,1.0,0.3333333333333333,4,1,1,1,0,0,1,0
1229,WC-2022,2022 FIFA Men's World Cup,M-2022-45,Ghana vs Uruguay,group stage,Group H,1,0,0,0,2022-12-02,18:00,S-144,Al Janoub Stadium,Al Wakrah,Qatar,T-32,Ghana,GHA,T-84,Uruguay,URY,0–2,0,2,-2,2,0,0,0-0,0,0,away team win,0,1,0,2022-12-02,18:00,1500.28774368332,1490.28774368332,10.0,T-32,3.0,0.0,0.5,0.5,0.0,0.3333333333333333,4,T-84,1.0,-2.0,0.0,0.5,0.0,0.3333333333333333,4,0,1,0,0,1,1,0
1230,WC-2022,2022 FIFA Men's World Cup,M-2022-46,South Korea vs Portugal,group stage,Group H,1,0,0,0,2022-12-02,18:00,S-142,Education City Stadium,Al Rayyan,Qatar,T-71,South Korea,KOR,T-58,Portugal,PRT,2–1,2,1,1,-1,0,0,0-0,0,0,home team win,1,0,0,2022-12-02,18:00,1489.71225631668,1519.71225631668,-30.0,T-71,1.0,-1.0,0.0,0.5,0.0,0.0,4,T-58,6.0,3.0,1.0,0.0,1.0,0.3333333333333333,4,1,1,1,0,0,1,0
1231,WC-2022,2022 FIFA Men's World Cup,M-2022-47,Cameroon vs Brazil,group stage,Group G,1,0,0,0,2022-12-02,22:00,S-147,Lusail Stadium,Lusail,Qatar,T-11,Cameroon,CMR,T-09,Brazil,BRA,1–0,1,0,1,-1,0,0,0-0,0,0,home team win,1,0,0,2022-12-02,22:00,1490.0,1520.0,-30.0,T-11,1.0,-1.0,0.0,0.5,0.0,0.0,4,T-09,6.0,3.0,1.0,0.0,1.0,0.0,4,1,1,1,0,0,1,0
1232,WC-2022,2022 FIFA Men's World Cup,M-2022-48,Serbia vs Switzerland,group stage,Group G,1,0,0,0,2022-12-02,22:00,S-146,Stadium 974,Doha,Qatar,T-66,Serbia,SRB,T-75,Switzerland,CHE,2–3,2,3,-1,1,0,0,0-0,0,0,away team win,0,1,0,2022-12-02,22:00,1490.0,1500.0,-10.0,T-66,1.0,-2.0,0.0,1.0,0.5,0.0,4,T-75,3.0,0.0,0.5,0.5,0.0,0.3333333333333333,4,1,0,0,0,1,1,0
1233,WC-2022,2022 FIFA Men's World Cup,M-2022-49,Netherlands vs United States,round of 16,not applicable,0,1,0,0,2022-12-03,18:00,S-143,Khalifa International Stadium,Al Rayyan,Qatar,T-48,Netherlands,NLD,T-83,United States,USA,3–1,3,1,2,-2,0,0,0-0,0,0,home team win,1,0,0,2022-12-03,18:00,1519.1386701595557,1510.28774368332,8.8509264762356,T-48,7.0,4.0,0.6666666666666666,0.0,1.0,0.0,4,T-83,5.0,1.0,0.3333333333333333,0.0,1.0,0.25,4,0,0,1,0,0,0,1
1234,WC-2022,2022 FIFA Men's World Cup,M-2022-50,Argentina vs Australia,round of 16,not applicable,0,1,0,0,2022-12-03,22:00,S-141,Ahmad bin Ali Stadium,Al Rayyan,Qatar,T-03,Argentina,ARG,T-04,Australia,AUS,2–1,2,1,1,-1,0,0,0-0,0,0,home team win,1,0,0,2022-12-03,22:00,1510.57548736664,1510.0,0.5754873666401181,T-03,6.0,3.0,0.6666666666666666,0.0,1.0,0.0,3,T-04,6.0,-1.0,0.6666666666666666,0.0,1.0,0.0,3,0,0,1,0,0,0,1
1235,WC-2022,2022 FIFA Men's World Cup,M-2022-51,France vs Poland,round of 16,not applicable,0,1,0,0,2022-12-04,18:00,S-145,Al Thumama Stadium,Doha,Qatar,T-30,France,FRA,T-57,Poland,POL,3–1,3,1,2,-2,0,0,0-0,0,0,home team win,1,0,0,2022-12-04,18:00,1508.8509264762356,1500.0,8.8509264762356,T-30,6.0,3.0,0.6666666666666666,0.6666666666666666,1.5,0.0,4,T-57,4.0,0.0,0.3333333333333333,0.3333333333333333,0.0,0.0,4,0,0,1,0,0,0,1
1236,WC-2022,2022 FIFA Men's World Cup,M-2022-52,England vs Senegal,round of 16,not applicable,0,1,0,0,2022-12-04,22:00,S-140,Al Bayt Stadium,Al Khor,Qatar,T-28,England,ENG,T-65,Senegal,SEN,3–0,3,0,3,-3,0,0,0-0,0,0,home team win,1,0,0,2022-12-04,22:00,1519.1372450388346,1510.28774368332,8.849501355514576,T-28,7.0,7.0,0.6666666666666666,0.0,1.0,0.25,5,T-65,6.0,1.0,0.6666666666666666,0.3333333333333333,0.0,0.5,5,0,0,1,0,0,0,1
1237,WC-2022,2022 FIFA Men's World Cup,M-2022-53,Japan vs Croatia,round of 16,not applicable,0,1,0,0,2022-12-05,18:00,S-144,Al Janoub Stadium,Al Wakrah,Qatar,T-44,Japan,JPN,T-18,Croatia,HRV,1–1,1,1,0,0,1,1,1–3,1,3,away team win,0,1,0,2022-12-05,18:00,1509.7127324054748,1509.42451263336,0.2882197721148714,T-44,6.0,1.0,0.6666666666666666,1.0,2.0,0.25,4,T-18,5.0,3.0,0.3333333333333333,0.3333333333333333,3.0,0.0,4,0,1,0,1,0,0,1
1238,WC-2022,2022 FIFA Men's World Cup,M-2022-54,Brazil vs South Korea,round of 16,not applicable,0,1,0,0,2022-12-05,22:00,S-146,Stadium 974,Doha,Qatar,T-09,Brazil,BRA,T-71,South Korea,KOR,4–1,4,1,3,-3,0,0,0-0,0,0,home team win,1,0,0,2022-12-05,22:00,1509.1386701595557,1500.5735861571245,8.565084002431377,T-09,6.0,2.0,0.6666666666666666,0.3333333333333333,0.0,0.25,3,T-71,4.0,0.0,0.3333333333333333,0.6666666666666666,1.5,0.0,3,0,0,1,0,0,0,1
1239,WC-2022,2022 FIFA Men's World Cup,M-2022-55,Morocco vs Spain,round of 16,not applicable,0,1,0,0,2022-12-06,18:00,S-142,Education City Stadium,Al Rayyan,Qatar,T-47,Morocco,MAR,T-73,Spain,ESP,0–0,0,0,0,0,1,1,3–0,3,0,home team win,1,0,0,2022-12-06,18:00,1519.4264138428755,1499.1372450388346,20.289168804041083,T-47,7.0,3.0,0.6666666666666666,0.0,1.0,0.0,5,T-73,4.0,6.0,0.3333333333333333,0.0,1.0,0.25,5,0,1,0,1,0,0,1
1240,WC-2022,2022 FIFA Men's World Cup,M-2022-56,Portugal vs Switzerland,round of 16,not applicable,0,1,0,0,2022-12-06,22:00,S-147,Lusail Stadium,Lusail,Qatar,T-58,Portugal,PRT,T-75,Switzerland,CHE,6–1,6,1,5,-5,0,0,0-0,0,0,home team win,1,0,0,2022-12-06,22:00,1508.8509264762356,1509.71225631668,-0.8613298404443412,T-58,6.0,2.0,0.6666666666666666,0.0,1.0,0.5,4,T-75,6.0,1.0,0.6666666666666666,0.3333333333333333,0.0,0.25,4,1,1,1,0,0,0,1
1241,WC-2022,2022 FIFA Men's World Cup,M-2022-57,Croatia vs Brazil,quarter-finals,not applicable,0,1,0,0,2022-12-09,18:00,S-142,Education City Stadium,Al Rayyan,Qatar,T-18,Croatia,HRV,T-09,Brazil,BRA,1–1,1,1,0,0,1,1,4–2,4,2,home team win,1,0,0,2022-12-09,18:00,1509.4328082633417,1518.8921971533675,-9.45938889002582,T-18,6.0,3.0,0.25,0.5,2.0,0.0,4,T-09,9.0,5.0,0.75,0.25,0.0,0.4,4,1,1,0,1,0,0,1
1242,WC-2022,2022 FIFA Men's World Cup,M-2022-58,Netherlands vs Argentina,quarter-finals,not applicable,0,1,0,0,2022-12-09,22:00,S-147,Lusail Stadium,Lusail,Qatar,T-48,Netherlands,NLD,T-03,Argentina,ARG,2–2,2,2,0,0,1,1,3–4,3,4,away team win,0,1,0,2022-12-09,22:00,1528.883975112151,1520.5589235238929,8.325051588257793,T-48,10.0,6.0,0.75,0.0,1.0,0.2,6,T-03,9.0,4.0,0.75,0.0,1.0,0.2,6,0,1,0,1,0,0,1
1243,WC-2022,2022 FIFA Men's World Cup,M-2022-59,Morocco vs Portugal,quarter-finals,not applicable,0,1,0,0,2022-12-10,18:00,S-145,Al Thumama Stadium,Doha,Qatar,T-47,Morocco,MAR,T-58,Portugal,PRT,1–0,1,0,1,-1,0,0,0-0,0,0,home team win,1,0,0,2022-12-10,18:00,1518.843107535533,1518.8757174910818,-0.0326099555491055,T-47,8.0,3.0,0.5,0.0,1.0,0.0,4,T-58,9.0,7.0,0.75,0.0,1.0,0.4,4,1,1,1,0,0,0,1
1244,WC-2022,2022 FIFA Men's World Cup,M-2022-60,England vs France,quarter-finals,not applicable,0,1,0,0,2022-12-10,22:00,S-140,Al Bayt Stadium,Al Khor,Qatar,T-28,England,ENG,T-30,France,FRA,1–2,1,2,-1,1,0,0,0-0,0,0,away team win,0,1,0,2022-12-10,22:00,1528.882590983097,1518.5962314288306,10.286359554266484,T-28,10.0,10.0,0.75,0.0,1.0,0.2,6,T-30,9.0,5.0,0.75,0.5,1.5,0.2,6,0,1,0,0,1,0,1
1245,WC-2022,2022 FIFA Men's World Cup,M-2022-61,Argentina vs Croatia,semi-finals,not applicable,0,1,0,0,2022-12-13,22:00,S-147,Lusail Stadium,Lusail,Qatar,T-03,Argentina,ARG,T-18,Croatia,HRV,3–0,3,0,3,-3,0,0,0-0,0,0,home team win,1,0,0,2022-12-13,22:00,1520.7984919223286,1509.705004107705,11.093487814623586,T-03,10.0,4.0,0.6,0.0,1.0,0.3333333333333333,4,T-18,7.0,3.0,0.2,0.6,1.6666666666666667,0.1666666666666666,4,0,0,1,0,0,0,1
1246,WC-2022,2022 FIFA Men's World Cup,M-2022-62,France vs Morocco,semi-finals,not applicable,0,1,0,0,2022-12-14,22:00,S-140,Al Bayt Stadium,Al Khor,Qatar,T-30,France,FRA,T-47,Morocco,MAR,2–0,2,0,2,-2,0,0,0-0,0,0,home team win,1,0,0,2022-12-14,22:00,1528.8922101813368,1528.844046125499,0.0481640558377876,T-30,12.0,6.0,0.8,0.4,1.5,0.1666666666666666,4,T-47,11.0,4.0,0.6,0.0,1.0,0.0,4,0,0,1,0,0,0,1
1247,WC-2022,2022 FIFA Men's World Cup,M-2022-63,Croatia vs Morocco,third-place match,not applicable,0,1,0,0,2022-12-17,18:00,S-143,Khalifa International Stadium,Al Rayyan,Qatar,T-18,Croatia,HRV,T-47,Morocco,MAR,2–1,2,1,1,-1,0,0,0-0,0,0,home team win,1,0,0,2022-12-17,18:00,1500.024191890221,1518.8454323984529,-18.821240508231767,T-18,6.0,0.0,0.1666666666666666,0.6666666666666666,1.25,0.1428571428571428,4,T-47,10.0,2.0,0.5,0.1666666666666666,0.0,0.1428571428571428,3,1,1,1,0,0,0,1
1248,WC-2022,2022 FIFA Men's World Cup,M-2022-64,Argentina vs France,final,not applicable,0,1,0,0,2022-12-18,18:00,S-147,Lusail Stadium,Lusail,Qatar,T-03,Argentina,ARG,T-30,France,FRA,3–3,3,3,0,0,1,1,4–2,4,2,home team win,1,0,0,2022-12-18,18:00,1530.4793041398127,1538.8908239083833,-8.411519768570543,T-03,13.0,8.0,0.6666666666666666,0.0,1.0,0.2857142857142857,5,T-30,12.0,5.0,0.8333333333333334,0.3333333333333333,1.5,0.1428571428571428,4,1,1,0,1,0,0,1
